state,year,median_household_income,population
AL,2005,36879.0,4442558.0
AK,2005,56234.0,641724.0
AZ,2005,44282.0,5829839.0
AR,2005,34999.0,2701431.0
CA,2005,53629.0,35278768.0
CO,2005,50652.0,4562244.0
CT,2005,60941.0,3394751.0
DE,2005,52499.0,818587.0
DC,2005,47221.0,515118.0
FL,2005,42433.0,17382511.0
GA,2005,45604.0,8821142.0
HI,2005,58112.0,1238158.0
ID,2005,41443.0,1395634.0
IL,2005,50260.0,12440351.0
IN,2005,43993.0,6093372.0
IA,2005,43609.0,2862541.0
KS,2005,42920.0,2662616.0
KY,2005,37369.0,4058633.0
LA,2005,36729.0,4389747.0
ME,2005,42801.0,1283673.0
MD,2005,61592.0,5461318.0
MA,2005,57184.0,6182860.0
MI,2005,46039.0,9865583.0
MN,2005,52024.0,4989848.0
MS,2005,32938.0,2824156.0
MO,2005,41974.0,5631910.0
MT,2005,39301.0,910651.0
NE,2005,43849.0,1706976.0
NV,2005,49169.0,2381281.0
NH,2005,56768.0,1272486.0
NJ,2005,61672.0,8521427.0
NM,2005,37492.0,1887200.0
NY,2005,49480.0,18655275.0
NC,2005,40729.0,8411041.0
ND,2005,41030.0,609645.0
OH,2005,43493.0,11155606.0
OK,2005,37063.0,3433496.0
OR,2005,42944.0,3560109.0
PA,2005,44537.0,11979147.0
RI,2005,51458.0,1032662.0
SC,2005,39316.0,4113961.0
SD,2005,40310.0,746033.0
TN,2005,38874.0,5810590.0
TX,2005,42139.0,22270165.0
UT,2005,47934.0,2427350.0
VT,2005,45686.0,602290.0
VA,2005,54240.0,7332608.0
WA,2005,49262.0,6146338.0
WI,2005,47105.0,5375751.0
WY,2005,46202.0,495226.0
AL,2006,38783.0,4599030.0
AK,2006,59393.0,670053.0
AZ,2006,47265.0,6166318.0
AR,2006,36599.0,2810872.0
CA,2006,56645.0,36457549.0
CO,2006,52015.0,4753377.0
CT,2006,63422.0,3504809.0
DE,2006,52833.0,853476.0
DC,2006,51847.0,581530.0
FL,2006,45495.0,18089889.0
GA,2006,46832.0,9363941.0
HI,2006,61160.0,1285498.0
ID,2006,42865.0,1466465.0
IL,2006,52006.0,12831970.0
IN,2006,45394.0,6313520.0
IA,2006,44491.0,2982085.0
KS,2006,45478.0,2764075.0
KY,2006,39372.0,4206074.0
LA,2006,39337.0,4287768.0
ME,2006,43439.0,1321574.0
MD,2006,65144.0,5615727.0
MA,2006,59963.0,6437193.0
MI,2006,47182.0,10095643.0
MN,2006,54023.0,5167101.0
MS,2006,34473.0,2910540.0
MO,2006,42841.0,5842713.0
MT,2006,40627.0,944632.0
NE,2006,45474.0,1768331.0
NV,2006,52998.0,2495529.0
NH,2006,59683.0,1314895.0
NJ,2006,64470.0,8724560.0
NM,2006,40629.0,1954599.0
NY,2006,51384.0,19306183.0
NC,2006,42625.0,8856505.0
ND,2006,41919.0,635867.0
OH,2006,44532.0,11478006.0
OK,2006,38770.0,3579212.0
OR,2006,46230.0,3700758.0
PA,2006,46259.0,12440621.0
RI,2006,51814.0,1067610.0
SC,2006,41100.0,4321249.0
SD,2006,42791.0,781919.0
TN,2006,40315.0,6038803.0
TX,2006,44922.0,23507783.0
UT,2006,51309.0,2550063.0
VT,2006,47665.0,623908.0
VA,2006,56277.0,7642884.0
WA,2006,52583.0,6395798.0
WI,2006,48772.0,5556506.0
WY,2006,47423.0,515004.0
AL,2007,40554.0,4627851.0
AK,2007,64333.0,683478.0
AZ,2007,49889.0,6338755.0
AR,2007,38134.0,2834797.0
CA,2007,59948.0,36553215.0
CO,2007,55212.0,4861515.0
CT,2007,65967.0,3502309.0
DE,2007,54610.0,864764.0
DC,2007,54317.0,588292.0
FL,2007,47804.0,18251243.0
GA,2007,49136.0,9544750.0
IN,2007,47448.0,6345289.0
HI,2007,63746.0,1283388.0
ID,2007,46253.0,1499402.0
IL,2007,54124.0,12852548.0
IA,2007,47292.0,2988047.0
KS,2007,47451.0,2775997.0
KY,2007,40267.0,4241474.0
LA,2007,40926.0,4293204.0
ME,2007,45888.0,1317207.0
MD,2007,68080.0,5618344.0
MA,2007,62365.0,6449755.0
MI,2007,47950.0,10071822.0
MN,2007,55802.0,5197621.0
MS,2007,36338.0,2918785.0
MO,2007,45114.0,5878415.0
MT,2007,43531.0,957861.0
NE,2007,47085.0,1774571.0
NV,2007,55062.0,2565382.0
NH,2007,62369.0,1315828.0
NJ,2007,67035.0,8685920.0
NM,2007,41452.0,1969915.0
NY,2007,53514.0,19297729.0
NC,2007,44670.0,9061032.0
ND,2007,43753.0,639715.0
OH,2007,46597.0,11466917.0
OK,2007,41567.0,3617316.0
OR,2007,48730.0,3747455.0
PA,2007,48576.0,12432792.0
RI,2007,53568.0,1057832.0
SC,2007,43329.0,4407709.0
SD,2007,43424.0,796215.0
TN,2007,42367.0,6156719.0
TX,2007,47548.0,23904380.0
UT,2007,55109.0,2645330.0
VT,2007,49907.0,621254.0
VA,2007,59562.0,7712091.0
WA,2007,55591.0,6468424.0
WI,2007,50578.0,5601640.0
WY,2007,51731.0,522830.0
AL,2008,42666.0,4661900.0
AK,2008,68460.0,686293.0
AZ,2008,50958.0,6500180.0
AR,2008,38815.0,2855390.0
CA,2008,61021.0,36756666.0
CO,2008,56993.0,4939456.0
CT,2008,68595.0,3501252.0
DE,2008,57989.0,873092.0
DC,2008,57936.0,591833.0
FL,2008,47778.0,18328340.0
GA,2008,50861.0,9685744.0
HI,2008,67214.0,1288198.0
ID,2008,47576.0,1523816.0
IL,2008,56235.0,12901564.0
IN,2008,47966.0,6376792.0
IA,2008,48980.0,3002557.0
KS,2008,50177.0,2802134.0
KY,2008,41538.0,4269245.0
LA,2008,43733.0,4410796.0
ME,2008,46581.0,1316456.0
MD,2008,70545.0,5633597.0
MA,2008,65401.0,6497967.0
MI,2008,48591.0,10003422.0
MN,2008,57288.0,5220393.0
MS,2008,37790.0,2938618.0
MO,2008,46867.0,5911605.0
MT,2008,43654.0,967440.0
NE,2008,49693.0,1783432.0
NV,2008,56361.0,2600167.0
NH,2008,63731.0,1315809.0
NJ,2008,70378.0,8682661.0
NM,2008,43508.0,1984356.0
NY,2008,56033.0,19490297.0
NC,2008,46549.0,9222414.0
ND,2008,45685.0,641481.0
OH,2008,47988.0,11485910.0
OK,2008,42822.0,3642361.0
OR,2008,50169.0,3790060.0
PA,2008,50713.0,12448279.0
RI,2008,55701.0,1050788.0
SC,2008,44625.0,4479800.0
SD,2008,46032.0,804194.0
TN,2008,43614.0,6214888.0
TX,2008,50043.0,24326974.0
UT,2008,56633.0,2736424.0
VT,2008,52104.0,621270.0
VA,2008,61233.0,7769089.0
WA,2008,58078.0,6549224.0
WI,2008,52094.0,5627968.0
WY,2008,53207.0,532668.0
AL,2009,40489.0,4708708.0
AK,2009,66953.0,698473.0
AZ,2009,48745.0,6595778.0
AR,2009,37823.0,2889450.0
CA,2009,58931.0,36961664.0
CO,2009,55430.0,5024748.0
CT,2009,67034.0,3518288.0
DE,2009,56860.0,885122.0
DC,2009,59290.0,599657.0
FL,2009,44736.0,18537969.0
GA,2009,47590.0,9829211.0
HI,2009,64098.0,1295178.0
ID,2009,44926.0,1545801.0
IL,2009,53966.0,12910409.0
IN,2009,45424.0,6423113.0
IA,2009,48044.0,3007857.0
KS,2009,47817.0,2818747.0
KY,2009,40072.0,4314113.0
LA,2009,42492.0,4492076.0
ME,2009,45734.0,1318301.0
MD,2009,69272.0,5699478.0
MA,2009,64081.0,6593587.0
MI,2009,45255.0,9969727.0
MN,2009,55616.0,5266215.0
MS,2009,36646.0,2951996.0
MO,2009,45229.0,5987580.0
MT,2009,42322.0,974989.0
NE,2009,47357.0,1796622.0
NV,2009,53341.0,2643085.0
NH,2009,60567.0,1324575.0
NJ,2009,68342.0,8707740.0
NM,2009,43028.0,2009671.0
NY,2009,54659.0,19541453.0
NC,2009,43674.0,9380884.0
ND,2009,47827.0,646844.0
OH,2009,45395.0,11542645.0
OK,2009,41664.0,3687050.0
OR,2009,48457.0,3825657.0
PA,2009,49520.0,12604767.0
RI,2009,54119.0,1053209.0
SC,2009,42442.0,4561242.0
SD,2009,45043.0,812383.0
TN,2009,41725.0,6296254.0
TX,2009,48259.0,24782302.0
UT,2009,55117.0,2784572.0
VT,2009,51618.0,621760.0
VA,2009,59330.0,7882590.0
WA,2009,56548.0,6664195.0
WI,2009,49993.0,5654774.0
WY,2009,52664.0,544270.0
AL,2010,40474.0,4785298.0
AK,2010,64576.0,713985.0
AZ,2010,46789.0,6413737.0
AR,2010,38307.0,2921606.0
CA,2010,57708.0,37349363.0
CO,2010,54046.0,5049071.0
CT,2010,64032.0,3577073.0
DE,2010,55847.0,899769.0
DC,2010,60903.0,604453.0
FL,2010,44409.0,18843326.0
GA,2010,46430.0,9712587.0
HI,2010,63030.0,1363621.0
ID,2010,43490.0,1571450.0
IL,2010,52972.0,12843166.0
IN,2010,44613.0,6490621.0
IA,2010,47961.0,3049883.0
KS,2010,48257.0,2859169.0
KY,2010,40062.0,4346266.0
LA,2010,42505.0,4544228.0
ME,2010,45815.0,1327567.0
MD,2010,68854.0,5785982.0
MA,2010,62072.0,6557254.0
MI,2010,45413.0,9877574.0
MN,2010,55459.0,5310584.0
MS,2010,36851.0,2970036.0
MO,2010,44301.0,5996231.0
MT,2010,42666.0,990898.0
NE,2010,48408.0,1830429.0
NV,2010,51001.0,2704642.0
NH,2010,61042.0,1316759.0
NJ,2010,67681.0,8801624.0
NM,2010,42090.0,2065932.0
NY,2010,54148.0,19392283.0
NC,2010,43326.0,9561558.0
ND,2010,48670.0,674499.0
OH,2010,45090.0,11536182.0
OK,2010,42072.0,3761702.0
OR,2010,46560.0,3838957.0
PA,2010,49288.0,12709630.0
RI,2010,52254.0,1052886.0
SC,2010,42018.0,4636312.0
SD,2010,45904.0,816463.0
TN,2010,41461.0,6356897.0
TX,2010,48615.0,25257114.0
UT,2010,54744.0,2776469.0
VT,2010,49406.0,625960.0
VA,2010,60674.0,8024617.0
WA,2010,55631.0,6744496.0
WI,2010,49001.0,5691047.0
WY,2010,53512.0,564460.0
AL,2011,41415.0,4802740.0
AK,2011,67825.0,722718.0
AZ,2011,46709.0,6482505.0
AR,2011,38758.0,2937979.0
CA,2011,57287.0,37691912.0
CO,2011,55387.0,5116796.0
CT,2011,65753.0,3580709.0
DE,2011,58814.0,907135.0
DC,2011,63124.0,617996.0
FL,2011,44299.0,19057542.0
GA,2011,46007.0,9815210.0
HI,2011,61821.0,1374810.0
ID,2011,43341.0,1584985.0
IL,2011,53234.0,12869259.0
IN,2011,46438.0,6516922.0
IA,2011,49427.0,3062309.0
KS,2011,48964.0,2871238.0
KY,2011,41141.0,4369356.0
LA,2011,41734.0,4574836.0
ME,2011,46033.0,1328188.0
MD,2011,70004.0,5828289.0
MA,2011,62859.0,6587536.0
MI,2011,45981.0,9876187.0
MN,2011,56954.0,5344861.0
MS,2011,36919.0,2978512.0
MO,2011,45247.0,6010688.0
MT,2011,44222.0,998199.0
NE,2011,50296.0,1842641.0
NV,2011,48927.0,2723322.0
NH,2011,62647.0,1318194.0
NJ,2011,67458.0,8821155.0
NM,2011,41963.0,2082224.0
NY,2011,55246.0,19465197.0
NC,2011,43916.0,9656401.0
ND,2011,51704.0,683932.0
OH,2011,45749.0,11544951.0
OK,2011,43225.0,3791508.0
OR,2011,46816.0,3871859.0
PA,2011,50228.0,12742886.0
RI,2011,53636.0,1051302.0
SC,2011,42367.0,4679230.0
SD,2011,48321.0,824082.0
TN,2011,41693.0,6403353.0
TX,2011,49392.0,25674681.0
UT,2011,55869.0,2817222.0
VT,2011,52776.0,626431.0
VA,2011,61882.0,8096604.0
WA,2011,56835.0,6830038.0
WI,2011,50395.0,5711767.0
WY,2011,56322.0,568158.0
AL,2012,41574.0,4822023.0
AK,2012,67712.0,731449.0
AZ,2012,47826.0,6553255.0
AR,2012,40112.0,2949131.0
CA,2012,58328.0,38041430.0
CO,2012,56765.0,5187582.0
DE,2012,58415.0,917092.0
DC,2012,66583.0,632323.0
CT,2012,67276.0,3590347.0
FL,2012,45040.0,19317568.0
GA,2012,47209.0,9919945.0
ID,2012,45489.0,1595728.0
HI,2012,66259.0,1392313.0
IL,2012,55137.0,12875255.0
IN,2012,46974.0,6537334.0
IA,2012,50957.0,3074186.0
KS,2012,50241.0,2885905.0
KY,2012,41724.0,4380415.0
LA,2012,42944.0,4601893.0
ME,2012,46709.0,1329192.0
MD,2012,71122.0,5884563.0
MA,2012,65339.0,6646144.0
MI,2012,46859.0,9883360.0
MN,2012,58906.0,5379139.0
MS,2012,37095.0,2984926.0
MO,2012,45321.0,6021988.0
MT,2012,45076.0,1005141.0
NE,2012,50723.0,1855525.0
NV,2012,49760.0,2758931.0
NH,2012,63280.0,1320718.0
NJ,2012,69667.0,8864590.0
NM,2012,42558.0,2085538.0
NY,2012,56448.0,19570261.0
NC,2012,45150.0,9752073.0
ND,2012,53585.0,699628.0
OH,2012,46829.0,11544225.0
OK,2012,44312.0,3814820.0
OR,2012,49161.0,3899353.0
PA,2012,51230.0,12763536.0
RI,2012,54554.0,1050292.0
SC,2012,43107.0,4723723.0
SD,2012,48362.0,833354.0
TN,2012,42764.0,6456243.0
TX,2012,50740.0,26059203.0
VT,2012,52977.0,626011.0
UT,2012,57049.0,2855287.0
VA,2012,61741.0,8185867.0
WA,2012,57573.0,6897012.0
WI,2012,51059.0,5726398.0
WY,2012,54901.0,576412.0
MS,2013,37963.0,2991207.0
MO,2013,46931.0,6044171.0
MT,2013,46972.0,1015165.0
NE,2013,51440.0,1868516.0
NV,2013,51230.0,2790136.0
NH,2013,64230.0,1323459.0
NJ,2013,70165.0,8899339.0
NM,2013,43872.0,2085287.0
NY,2013,57369.0,19651127.0
NC,2013,45906.0,9848060.0
ND,2013,55759.0,723393.0
OH,2013,48081.0,11570808.0
OK,2013,45690.0,3850568.0
OR,2013,50251.0,3930065.0
PA,2013,52007.0,12773801.0
RI,2013,55902.0,1051511.0
SC,2013,44163.0,4774839.0
SD,2013,48947.0,844877.0
TN,2013,44297.0,6495978.0
TX,2013,51704.0,26448193.0
VT,2013,52578.0,626630.0
UT,2013,59770.0,2900872.0
VA,2013,62666.0,8260405.0
WA,2013,58405.0,6971406.0
WI,2013,51467.0,5742713.0
WY,2013,58752.0,582658.0
AL,2013,42849.0,4833722.0
AK,2013,72237.0,735132.0
AZ,2013,48510.0,6626624.0
AR,2013,40511.0,2959373.0
CA,2013,60190.0,38332521.0
CO,2013,58823.0,5268367.0
DE,2013,57846.0,925749.0
DC,2013,67572.0,646449.0
CT,2013,67098.0,3596080.0
FL,2013,46036.0,19552860.0
GA,2013,47829.0,9992167.0
ID,2013,46783.0,1612136.0
HI,2013,68020.0,1404054.0
IL,2013,56210.0,12882135.0
IN,2013,47529.0,6570902.0
IA,2013,52229.0,3090416.0
KS,2013,50972.0,2893957.0
KY,2013,43399.0,4395295.0
LA,2013,44164.0,4625470.0
ME,2013,46974.0,1328302.0
MD,2013,72483.0,5928814.0
MA,2013,66768.0,6692824.0
MI,2013,48273.0,9895622.0
MN,2013,60702.0,5420380.0
AL,2014,42830.0,4849377.0
AK,2014,71583.0,736732.0
AZ,2014,50068.0,6731484.0
AR,2014,41262.0,2966369.0
CA,2014,61933.0,38802500.0
CO,2014,61303.0,5355866.0
DE,2014,59716.0,935614.0
DC,2014,71648.0,658893.0
CT,2014,70048.0,3596677.0
FL,2014,47463.0,19893297.0
GA,2014,49321.0,10097343.0
ID,2014,47861.0,1634464.0
HI,2014,69592.0,1419561.0
IL,2014,57444.0,12880580.0
IN,2014,49446.0,6596855.0
IA,2014,53712.0,3107126.0
KS,2014,52504.0,2904021.0
KY,2014,42958.0,4413457.0
LA,2014,44555.0,4649676.0
ME,2014,49462.0,1330089.0
MD,2014,73971.0,5976407.0
MA,2014,69160.0,6745408.0
MI,2014,49847.0,9909877.0
MN,2014,61481.0,5457173.0
MS,2014,39680.0,2994079.0
MO,2014,48363.0,6063589.0
MT,2014,46328.0,1023579.0
NE,2014,52686.0,1881503.0
NV,2014,51450.0,2839099.0
NH,2014,66532.0,1326813.0
NJ,2014,71919.0,8938175.0
NM,2014,44803.0,2085572.0
NY,2014,58878.0,19746227.0
NC,2014,46556.0,9943964.0
ND,2014,59029.0,739482.0
OH,2014,49308.0,11594163.0
OK,2014,47529.0,3878051.0
OR,2014,51075.0,3970239.0
PA,2014,53234.0,12787209.0
RI,2014,54891.0,1055173.0
SC,2014,45238.0,4832482.0
SD,2014,50979.0,853175.0
TN,2014,44361.0,6549352.0
TX,2014,53035.0,26956958.0
VT,2014,54166.0,626562.0
UT,2014,60922.0,2942902.0
VA,2014,64902.0,8326289.0
WA,2014,61366.0,7061530.0
WI,2014,52622.0,5757564.0
WY,2014,57055.0,584153.0
MS,2015,40593.0,2992333.0
MO,2015,50238.0,6083672.0
MT,2015,49509.0,1032949.0
NE,2015,54996.0,1896190.0
NV,2015,52431.0,2890845.0
NH,2015,70303.0,1330608.0
NJ,2015,72222.0,8958013.0
NM,2015,45382.0,2085109.0
NY,2015,60850.0,19795791.0
NC,2015,47830.0,10042802.0
ND,2015,60557.0,756928.0
OH,2015,51075.0,11613423.0
OK,2015,48568.0,3911338.0
OR,2015,54148.0,4028977.0
PA,2015,55702.0,12802503.0
RI,2015,58073.0,1056298.0
SC,2015,47238.0,4896146.0
SD,2015,53017.0,858469.0
TN,2015,47275.0,6600299.0
TX,2015,55653.0,27469114.0
VT,2015,56990.0,626042.0
UT,2015,62912.0,2995919.0
VA,2015,66262.0,8382993.0
WA,2015,64129.0,7170351.0
WI,2015,55638.0,5771337.0
WY,2015,60214.0,586107.0
AL,2015,44765.0,4858979.0
AK,2015,73355.0,738432.0
AZ,2015,51492.0,6828065.0
AR,2015,41995.0,2978204.0
CA,2015,64500.0,39144818.0
CO,2015,63909.0,5456574.0
DE,2015,61255.0,945934.0
DC,2015,75628.0,672228.0
CT,2015,71346.0,3590886.0
FL,2015,49426.0,20271272.0
GA,2015,51244.0,10214860.0
ID,2015,48275.0,1654930.0
HI,2015,73486.0,1431603.0
IL,2015,59588.0,12859995.0
IN,2015,50532.0,6619680.0
IA,2015,54736.0,3123899.0
KS,2015,53906.0,2911641.0
KY,2015,45215.0,4425092.0
LA,2015,45727.0,4670724.0
ME,2015,51494.0,1329328.0
MD,2015,75847.0,6006401.0
MA,2015,70628.0,6794422.0
MI,2015,51084.0,9922576.0
MN,2015,63488.0,5489594.0
MS,2016,41754.0,2988726.0
MO,2016,51746.0,6093000.0
MT,2016,50027.0,1042520.0
NE,2016,56927.0,1907116.0
NV,2016,55180.0,2940058.0
NH,2016,70936.0,1334795.0
NJ,2016,76126.0,8944469.0
NM,2016,46748.0,2081015.0
NY,2016,62909.0,19745289.0
NC,2016,50584.0,10146788.0
ND,2016,60656.0,757953.0
OH,2016,52334.0,11614373.0
OK,2016,49176.0,3923561.0
OR,2016,57532.0,4093465.0
PA,2016,56907.0,12784227.0
RI,2016,60596.0,1056426.0
SC,2016,49501.0,4961119.0
SD,2016,54467.0,865454.0
TN,2016,48547.0,6651194.0
TX,2016,56565.0,27862596.0
VT,2016,57677.0,624594.0
UT,2016,65977.0,3051217.0
VA,2016,68114.0,8411808.0
WA,2016,67106.0,7288000.0
WI,2016,56811.0,5778709.0
WY,2016,59882.0,585501.0
AL,2016,46257.0,4863300.0
AK,2016,76440.0,741894.0
AZ,2016,53558.0,6931071.0
AR,2016,44334.0,2988248.0
CA,2016,67739.0,39250017.0
CO,2016,65685.0,5540545.0
DE,2016,61757.0,952065.0
GA,2016,53559.0,10310371.0
DC,2016,75506.0,681170.0
CT,2016,73433.0,3576452.0
FL,2016,50860.0,20612439.0
ID,2016,51807.0,1683140.0
HI,2016,74511.0,1428557.0
IL,2016,60960.0,12801539.0
IN,2016,52314.0,6633053.0
IA,2016,56247.0,3134693.0
KS,2016,54935.0,2907289.0
KY,2016,46659.0,4436974.0
LA,2016,45146.0,4681666.0
ME,2016,53079.0,1331479.0
MD,2016,78945.0,6016447.0
MA,2016,75297.0,6811779.0
MI,2016,52492.0,9928300.0
MN,2016,65599.0,5519952.0
MS,2017,43529.0,2984100.0
MO,2017,53578.0,6113532.0
MT,2017,53386.0,1050493.0
NE,2017,59970.0,1920076.0
NV,2017,58003.0,2998039.0
NH,2017,73381.0,1342795.0
NJ,2017,80088.0,9005644.0
NM,2017,46744.0,2088070.0
NY,2017,64894.0,19849399.0
NC,2017,52752.0,10273419.0
ND,2017,61843.0,755393.0
OH,2017,54021.0,11658609.0
OK,2017,50051.0,3930864.0
OR,2017,60212.0,4142776.0
PA,2017,59195.0,12805537.0
RI,2017,63870.0,1059639.0
SC,2017,50570.0,5024369.0
SD,2017,56521.0,869666.0
TN,2017,51340.0,6715984.0
TX,2017,59206.0,28304596.0
VT,2017,57513.0,623657.0
UT,2017,68358.0,3101833.0
VA,2017,71535.0,8470020.0
WA,2017,70979.0,7405743.0
WI,2017,59305.0,5795483.0
WY,2017,60434.0,579315.0
AK,2017,73181.0,739795.0
AL,2017,48123.0,4874747.0
AZ,2017,56581.0,7016270.0
AR,2017,45869.0,3004279.0
CA,2017,71805.0,39536653.0
CO,2017,69117.0,5607154.0
DE,2017,62852.0,961939.0
DC,2017,82372.0,693972.0
CT,2017,74168.0,3588184.0
FL,2017,52594.0,20984400.0
GA,2017,56183.0,10429379.0
ID,2017,52225.0,1716943.0
HI,2017,77765.0,1427538.0
IL,2017,62992.0,12802023.0
IN,2017,54181.0,6666818.0
IA,2017,58570.0,3145711.0
KS,2017,56422.0,2913123.0
KY,2017,48375.0,4454189.0
LA,2017,46145.0,4684333.0
ME,2017,56277.0,1335907.0
MD,2017,80776.0,6052177.0
MA,2017,77385.0,6859819.0
MI,2017,54909.0,9962311.0
MN,2017,68388.0,5576606.0
WI,2018,60773.0,5813568.0
WY,2018,61584.0,577737.0
MS,2018,44717.0,2986530.0
MO,2018,54478.0,6126452.0
MT,2018,55328.0,1062305.0
NE,2018,59566.0,1929268.0
NV,2018,58646.0,3034392.0
NH,2018,74991.0,1356458.0
NJ,2018,81740.0,8908520.0
NM,2018,47169.0,2095428.0
NY,2018,67844.0,19542209.0
NC,2018,53855.0,10383620.0
ND,2018,63837.0,760077.0
OH,2018,56111.0,11689442.0
OK,2018,51924.0,3943079.0
OR,2018,63426.0,4190713.0
PA,2018,60905.0,12807060.0
RI,2018,64340.0,1057315.0
SC,2018,52306.0,5084127.0
SD,2018,56274.0,882235.0
TN,2018,52375.0,6770010.0
TX,2018,60629.0,28701845.0
VT,2018,60782.0,626299.0
UT,2018,71414.0,3161105.0
VA,2018,72577.0,8517685.0
WA,2018,74073.0,7535591.0
AL,2018,49861.0,4887871.0
AK,2018,74346.0,737438.0
AZ,2018,59246.0,7171646.0
AR,2018,47062.0,3013825.0
CA,2018,75277.0,39557045.0
CO,2018,71953.0,5695564.0
DE,2018,64805.0,967171.0
DC,2018,85203.0,702455.0
CT,2018,76348.0,3572665.0
FL,2018,55462.0,21299325.0
GA,2018,58756.0,10519475.0
ID,2018,55583.0,1754208.0
HI,2018,80212.0,1420491.0
IL,2018,65030.0,12741080.0
IN,2018,55746.0,6691878.0
IA,2018,59955.0,3156145.0
KS,2018,58218.0,2911510.0
KY,2018,50247.0,4468402.0
LA,2018,47905.0,4659978.0
ME,2018,55602.0,1338404.0
MD,2018,83242.0,6042718.0
MA,2018,79835.0,6902149.0
MI,2018,56697.0,9995915.0
MN,2018,70315.0,5611179.0
MS,2019,45792.0,2976149.0
MO,2019,57409.0,6137428.0
MT,2019,57153.0,1068778.0
NE,2019,63229.0,1934408.0
NV,2019,63276.0,3080156.0
NH,2019,77933.0,1359711.0
NJ,2019,85751.0,8882190.0
NM,2019,51945.0,2096829.0
NY,2019,72108.0,19453561.0
NC,2019,57341.0,10488084.0
ND,2019,64577.0,762062.0
OH,2019,58642.0,11689100.0
OK,2019,54449.0,3956971.0
OR,2019,67058.0,4217737.0
PA,2019,63463.0,12801989.0
RI,2019,71169.0,1059361.0
SC,2019,56227.0,5148714.0
SD,2019,59533.0,884659.0
TN,2019,56071.0,6829174.0
TX,2019,64034.0,28995881.0
VT,2019,63001.0,623989.0
UT,2019,75780.0,3205958.0
VA,2019,76456.0,8535519.0
WA,2019,78687.0,7614893.0
WI,2019,64168.0,5822434.0
WY,2019,65003.0,578759.0
IL,2019,69187.0,12671821.0
GA,2019,61980.0,10617423.0
ID,2019,60999.0,1787065.0
HI,2019,83102.0,1415872.0
IN,2019,57603.0,6732219.0
IA,2019,61691.0,3155070.0
KS,2019,62087.0,2913314.0
KY,2019,52295.0,4467673.0
LA,2019,51073.0,4648794.0
ME,2019,58924.0,1344212.0
MD,2019,86738.0,6045680.0
MA,2019,85843.0,6892503.0
MI,2019,59584.0,9986857.0
MN,2019,74593.0,5639632.0
CT,2019,78833.0,3565287.0
FL,2019,59227.0,21477737.0
AL,2019,51734.0,4903185.0
AK,2019,75463.0,731545.0
AZ,2019,62055.0,7278717.0
AR,2019,48952.0,3017804.0
CA,2019,80440.0,39512223.0
CO,2019,77127.0,5758736.0
DE,2019,70176.0,973764.0
DC,2019,92266.0,705749.0
AL,2021,53913.0,5039877.0
AZ,2021,69056.0,7276316.0
AR,2021,52528.0,3025891.0
CA,2021,84907.0,39237836.0
CO,2021,82254.0,5812069.0
CT,2021,83771.0,3605597.0
DE,2021,71091.0,1003384.0
DC,2021,90088.0,670050.0
FL,2021,63062.0,21781128.0
GA,2021,66559.0,10799566.0
HI,2021,84857.0,1441553.0
ID,2021,66474.0,1900923.0
IL,2021,72205.0,12671469.0
IN,2021,62743.0,6805985.0
IA,2021,65600.0,3193079.0
KS,2021,64124.0,2934582.0
KY,2021,55573.0,4509394.0
LA,2021,52087.0,4624047.0
ME,2021,64767.0,1372247.0
MD,2021,90203.0,6165129.0
MA,2021,89645.0,6984723.0
MI,2021,63498.0,10050811.0
MN,2021,77720.0,5707390.0
MS,2021,48716.0,2949965.0
MO,2021,61847.0,6168187.0
MT,2021,63249.0,1104271.0
NE,2021,66817.0,1963692.0
NV,2021,66274.0,3143991.0
NH,2021,88465.0,1388992.0
NJ,2021,89296.0,9267130.0
NM,2021,53992.0,2115877.0
NY,2021,74314.0,19835913.0
NC,2021,61972.0,10551162.0
ND,2021,66519.0,774948.0
OH,2021,62262.0,11780017.0
OK,2021,55826.0,3986639.0
OR,2021,71562.0,4246155.0
PA,2021,68957.0,12964056.0
RI,2021,74008.0,1095610.0
SC,2021,59318.0,5190705.0
SD,2021,66143.0,895376.0
TN,2021,59695.0,6975218.0
TX,2021,66963.0,29527941.0
UT,2021,79449.0,3337975.0
VT,2021,72431.0,645570.0
VA,2021,80963.0,8642274.0
WA,2021,84247.0,7738692.0
WI,2021,67125.0,5895908.0
WY,2021,65204.0,578803.0
AK,2021,77845.0,732673.0
AL,2022,59674.0,5074296.0
AK,2022,88121.0,733583.0
AZ,2022,74568.0,7359197.0
AR,2022,55432.0,3045637.0
CA,2022,91551.0,39029342.0
CO,2022,89302.0,5839926.0
CT,2022,88429.0,3626205.0
DE,2022,82174.0,1018396.0
DC,2022,101027.0,671803.0
FL,2022,69303.0,22244823.0
GA,2022,72837.0,10912876.0
HI,2022,92458.0,1440196.0
ID,2022,72785.0,1939033.0
IL,2022,76708.0,12582032.0
IN,2022,66785.0,6833037.0
IA,2022,69588.0,3200517.0
KS,2022,68925.0,2937150.0
KY,2022,59341.0,4512310.0
LA,2022,55416.0,4590241.0
ME,2022,69543.0,1385340.0
MD,2022,94991.0,6164660.0
MA,2022,94488.0,6981974.0
MI,2022,66986.0,10034118.0
MN,2022,82338.0,5717184.0
MS,2022,52719.0,2940057.0
MO,2022,64811.0,6177957.0
MT,2022,67631.0,1122867.0
NE,2022,69597.0,1967923.0
NV,2022,72333.0,3177772.0
NH,2022,89992.0,1395231.0
NJ,2022,96346.0,9261699.0
NM,2022,59726.0,2113344.0
NY,2022,79557.0,19677151.0
NC,2022,67481.0,10698973.0
ND,2022,71970.0,779261.0
OH,2022,65720.0,11756058.0
OK,2022,59673.0,4019800.0
OR,2022,75657.0,4240137.0
PA,2022,71798.0,12972008.0
RI,2022,81854.0,1093734.0
SC,2022,64115.0,5282634.0
SD,2022,69728.0,909824.0
TN,2022,65254.0,7051339.0
TX,2022,72284.0,30029572.0
UT,2022,89168.0,3380800.0
VT,2022,73991.0,647064.0
VA,2022,85873.0,8683619.0
WA,2022,91306.0,7785786.0
WI,2022,70996.0,5892539.0
WY,2022,70042.0,581381.0
AL,2023,62212.0,5108468.0
AK,2023,86631.0,733406.0
AZ,2023,77315.0,7431344.0
AR,2023,58700.0,3067732.0
CA,2023,95521.0,38965193.0
CO,2023,92911.0,5877610.0
CT,2023,91665.0,3617176.0
DE,2023,81361.0,1031890.0
DC,2023,108210.0,678972.0
FL,2023,73311.0,22610726.0
GA,2023,74632.0,11029227.0
HI,2023,95322.0,1435138.0
ID,2023,74942.0,1964726.0
IL,2023,80306.0,12549689.0
IN,2023,69477.0,6862199.0
IA,2023,71433.0,3207004.0
KS,2023,70333.0,2940547.0
KY,2023,61118.0,4526154.0
LA,2023,58229.0,4573749.0
ME,2023,73733.0,1395722.0
MD,2023,98678.0,6180253.0
MA,2023,99858.0,7001399.0
MI,2023,69183.0,10037261.0
MN,2023,85086.0,5737915.0
MS,2023,54203.0,2939690.0
MO,2023,68545.0,6196156.0
MT,2023,70804.0,1132812.0
NE,2023,74590.0,1978379.0
NV,2023,76364.0,3194176.0
NH,2023,96838.0,1402054.0
NJ,2023,99781.0,9290841.0
NM,2023,62268.0,2114371.0
NY,2023,82095.0,19571216.0
NC,2023,70804.0,10835491.0
ND,2023,76525.0,783926.0
OH,2023,67769.0,11785935.0
OK,2023,62138.0,4053824.0
OR,2023,80160.0,4233358.0
PA,2023,73824.0,12961683.0
RI,2023,84972.0,1095962.0
SC,2023,67804.0,5373555.0
SD,2023,71810.0,919318.0
TN,2023,67631.0,7126489.0
TX,2023,75780.0,30503301.0
UT,2023,93421.0,3417734.0
VT,2023,81211.0,647464.0
VA,2023,89931.0,8715698.0
WA,2023,94605.0,7812880.0
WI,2023,74631.0,5910955.0
WY,2023,72415.0,584057.0
