state,year,healthcare_spending_per_capita,total_health_spending_millions
CT,2001,,19023.0
CT,2002,,20522.0
CT,2003,,21661.0
CT,2004,,23474.0
CT,2005,7218.791599148214,24506.0
CT,2006,7417.5226096486285,25997.0
CT,2007,7855.103590231473,27511.0
CT,2008,8298.745705821802,29056.0
CT,2009,8828.72578936119,31062.0
CT,2010,8836.274797858472,31608.0
CT,2011,8929.795747155102,31975.0
CT,2012,9241.725103451003,33181.0
CT,2013,9439.167093056883,33944.0
CT,2014,9828.516711397771,35350.0
CT,2015,10287.433240709954,36941.0
CT,2016,10715.088584999883,38322.0
CT,2017,10949.549967337238,39289.0
CT,2018,11383.93888035962,40671.0
CT,2019,11833.549444967544,42190.0
CT,2020,,44425.0
ME,2001,,6492.0
ME,2002,,7117.0
ME,2003,,7841.0
ME,2004,,8501.0
ME,2005,7063.325317273168,9067.0
ME,2006,7306.439139995187,9656.0
ME,2007,7694.310765126514,10135.0
ME,2008,8008.623151856195,10543.0
ME,2009,8262.149539445089,10892.0
ME,2010,8343.081742767032,11076.0
ME,2011,8586.13389068415,11404.0
ME,2012,8745.914811404222,11625.0
ME,2013,8815.0134532659,11709.0
ME,2014,9122.697804432635,12134.0
ME,2015,9589.055522790462,12747.0
ME,2016,10024.191143833286,13347.0
ME,2017,10398.178915149034,13891.0
ME,2018,10963.80465091258,14674.0
ME,2019,11501.905949359178,15461.0
ME,2020,,16306.0
MA,2001,,35876.0
MA,2002,,39259.0
MA,2003,,42381.0
MA,2004,,44960.0
MA,2005,7745.9298771118865,47892.0
MA,2006,8021.198059464738,51634.0
MA,2007,8593.039580573215,55423.0
MA,2008,8934.025057375638,58053.0
MA,2009,9253.233482776523,61012.0
MA,2010,9546.52664057241,62599.0
MA,2011,9758.88405012132,64287.0
MA,2012,9979.019413362093,66322.0
MA,2013,10118.598666273012,67722.0
MA,2014,10423.535537064623,70311.0
MA,2015,11015.21218434769,74842.0
MA,2016,11516.227992716735,78446.0
MA,2017,11752.642453102626,80621.0
MA,2018,12186.349497815825,84112.0
MA,2019,12733.255248492456,87764.0
MA,2020,,91817.0
NH,2001,,5675.0
NH,2002,,6126.0
NH,2003,,6707.0
NH,2004,,7396.0
NH,2005,6413.430088818266,8161.0
NH,2006,6729.054411188726,8848.0
NH,2007,7208.388938371884,9485.0
NH,2008,7583.927454516575,9979.0
NH,2009,8076.552856576638,10698.0
NH,2010,8444.977402850483,11120.0
NH,2011,8732.40205918097,11511.0
NH,2012,8986.778403868198,11869.0
NH,2013,9212.97901937272,12193.0
NH,2014,9419.564022963295,12498.0
NH,2015,9812.807378281206,13057.0
NH,2016,10224.791072786458,13648.0
NH,2017,10633.045252626052,14278.0
NH,2018,10963.111279523582,14871.0
NH,2019,11319.317119593796,15391.0
NH,2020,,16113.0
RI,2001,,5434.0
RI,2002,,5931.0
RI,2003,,6420.0
RI,2004,,6927.0
RI,2005,7224.048139662348,7460.0
RI,2006,7294.7986624329105,7788.0
RI,2007,7712.944966686581,8159.0
RI,2008,8080.6023669855385,8491.0
RI,2009,8345.92184457216,8790.0
RI,2010,8468.153247360113,8916.0
RI,2011,8686.371756165212,9132.0
RI,2012,8898.477756661958,9346.0
RI,2013,9050.785013185787,9517.0
RI,2014,9496.073155776352,10020.0
RI,2015,9919.549218118373,10478.0
RI,2016,10172.97946093716,10747.0
RI,2017,10260.09801451249,10872.0
RI,2018,10483.157810113353,11084.0
RI,2019,10975.484277786325,11627.0
RI,2020,,12362.0
VT,2001,,2934.0
VT,2002,,3237.0
VT,2003,,3608.0
VT,2004,,3864.0
VT,2005,6873.765129754769,4140.0
VT,2006,7292.741878610308,4550.0
VT,2007,7681.238269693234,4772.0
VT,2008,8009.40009979558,4976.0
VT,2009,8506.497683993824,5289.0
VT,2010,8848.808230557863,5539.0
VT,2011,9220.488768914693,5776.0
VT,2012,9683.53591230825,6062.0
VT,2013,10246.876147008601,6421.0
VT,2014,10575.170533801922,6626.0
VT,2015,11005.651378022561,6890.0
VT,2016,11242.50313003327,7022.0
VT,2017,11548.014373285316,7202.0
VT,2018,11769.139021457802,7371.0
VT,2019,12160.470777529732,7588.0
VT,2020,,7951.0
DE,2001,,4027.0
DE,2002,,4448.0
DE,2003,,5026.0
DE,2004,,5464.0
DE,2005,7172.114875999741,5871.0
DE,2006,7351.114735505158,6274.0
DE,2007,7782.470130578979,6730.0
DE,2008,8207.611568998456,7166.0
DE,2009,8447.423067102614,7477.0
DE,2010,8801.147850170433,7919.0
DE,2011,9207.00887960447,8352.0
DE,2012,9429.806388017778,8648.0
DE,2013,9749.943019112092,9026.0
DE,2014,10236.05888753268,9577.0
DE,2015,10669.877602454293,10093.0
DE,2016,10908.919033889493,10386.0
DE,2017,11395.732993464242,10962.0
DE,2018,11768.342930050632,11382.0
DE,2019,12249.374591790209,11928.0
DE,2020,,12729.0
DC,2001,,3813.0
DC,2002,,4108.0
DC,2003,,4347.0
DC,2004,,4746.0
DC,2005,9807.461591324705,5052.0
DC,2006,9079.497188451154,5280.0
DC,2007,9619.372692472445,5659.0
DC,2008,10023.09773196155,5932.0
DC,2009,10569.375492990159,6338.0
DC,2010,11127.416027383437,6726.0
DC,2011,11580.98110667383,7157.0
DC,2012,11487.799747913645,7264.0
DC,2013,11674.548185549053,7547.0
DC,2014,12061.138910263124,7947.0
DC,2015,12589.47856977097,8463.0
DC,2016,12971.798523129322,8836.0
DC,2017,13190.733920100523,9154.0
DC,2018,13519.727242314455,9497.0
DC,2019,13983.72509206531,9869.0
DC,2020,,10251.0
MD,2001,,24683.0
MD,2002,,27125.0
MD,2003,,29600.0
MD,2004,,31749.0
MD,2005,6220.476449091593,33972.0
MD,2006,6573.503305983357,36915.0
MD,2007,6988.3581354221105,39263.0
MD,2008,7291.611380792769,41078.0
MD,2009,7558.411489613611,43079.0
MD,2010,7747.8637161332335,44829.0
MD,2011,7944.012385109935,46300.0
MD,2012,8115.6408725677675,47757.0
MD,2013,8212.266399316963,48689.0
MD,2014,8550.62247266627,51102.0
MD,2015,8974.592272477312,53905.0
MD,2016,9306.655572632819,55993.0
MD,2017,9554.413230148424,57825.0
MD,2018,9932.947392216549,60022.0
MD,2019,10263.857829061413,62052.0
MD,2020,,65641.0
NJ,2001,,42378.0
NJ,2002,,46225.0
NJ,2003,,49013.0
NJ,2004,,51867.0
NJ,2005,6556.413614761941,55870.0
NJ,2006,6711.054769524194,58551.0
NJ,2007,7131.42649253044,61943.0
NJ,2008,7376.655612835742,64049.0
NJ,2009,7798.464354700531,67907.0
NJ,2010,7813.330812586404,68770.0
NJ,2011,7976.506477893201,70362.0
NJ,2012,8319.279289848713,73747.0
NJ,2013,8494.226368947177,75593.0
NJ,2014,8936.947419355742,79880.0
NJ,2015,9390.028793215639,84116.0
NJ,2016,9900.084622127932,88551.0
NJ,2017,10205.488913396975,91907.0
NJ,2018,10644.865813850112,94830.0
NJ,2019,11275.597572220364,100152.0
NJ,2020,,105416.0
NY,2001,,103412.0
NY,2002,,111529.0
NY,2003,,121396.0
NY,2004,,128842.0
NY,2005,7230.930661702923,134895.0
NY,2006,7407.264294552683,143006.0
NY,2007,7774.282663001434,150026.0
NY,2008,7944.106752195721,154833.0
NY,2009,8403.622801231822,164219.0
NY,2010,8762.867167315988,169932.0
NY,2011,9007.203985657068,175327.0
NY,2012,9086.797564937944,177831.0
NY,2013,9358.852548253339,183912.0
NY,2014,9759.332757594653,192710.0
NY,2015,10232.882333421281,202568.0
NY,2016,10866.794606045016,214568.0
NY,2017,11408.808901468503,226458.0
NY,2018,12099.502159658614,236451.0
NY,2019,12938.299574047138,251696.0
NY,2020,,270847.0
PA,2001,,62187.0
PA,2002,,66457.0
PA,2003,,71666.0
PA,2004,,76522.0
PA,2005,6830.619909748165,81825.0
PA,2006,6906.889937407465,85926.0
PA,2007,7314.849311401655,90944.0
PA,2008,7555.261253382897,94050.0
PA,2009,7693.041846787013,96969.0
PA,2010,8069.786453264179,102564.0
PA,2011,8373.848749804401,106707.0
PA,2012,8581.164341919042,109526.0
PA,2013,8805.679687666967,112482.0
PA,2014,9146.17099008861,116954.0
PA,2015,9552.350817648705,122294.0
PA,2016,9983.395945644583,127630.0
PA,2017,10332.87397475014,132318.0
PA,2018,10911.247390111392,139741.0
PA,2019,11172.170199490094,143026.0
PA,2020,,148327.0
IL,2001,,55549.0
IL,2002,,59949.0
IL,2003,,63748.0
IL,2004,,67275.0
IL,2005,5756.268452554112,71610.0
IL,2006,5953.7233955503325,76398.0
IL,2007,6388.616482895065,82110.0
IL,2008,6549.283482219675,84496.0
IL,2009,6798.932551246053,87777.0
IL,2010,7157.503064275585,91925.0
IL,2011,7299.643281714977,93941.0
IL,2012,7509.0551604609,96681.0
IL,2013,7702.915704578472,99230.0
IL,2014,8020.135739229134,103304.0
IL,2015,8299.847706006107,106736.0
IL,2016,8643.570120748764,110651.0
IL,2017,8833.369538548712,113085.0
IL,2018,9105.899970803102,116019.0
IL,2019,9492.795076571867,120291.0
IL,2020,,128263.0
IN,2001,,26567.0
IN,2002,,28710.0
IN,2003,,31167.0
IN,2004,,33620.0
IN,2005,5809.098804405837,35397.0
IN,2006,6014.394505759069,37972.0
IN,2007,6329.735335931901,40164.0
IN,2008,6428.310661536397,40992.0
IN,2009,6748.285449749988,43345.0
IN,2010,6859.4361001820935,44522.0
IN,2011,7104.580966290528,46300.0
IN,2012,7620.0787660535625,49815.0
IN,2013,7646.1344272064935,50242.0
IN,2014,7996.53774412201,52752.0
IN,2015,8357.352621274744,55323.0
IN,2016,8781.92892473496,58251.0
IN,2017,9008.34551055691,60057.0
IN,2018,9306.057283172227,62275.0
IN,2019,9925.107902758362,66818.0
IN,2020,,71040.0
MI,2001,,42936.0
MI,2002,,45837.0
MI,2003,,49153.0
MI,2004,,52899.0
MI,2005,5668.696923435747,55925.0
MI,2006,5944.148381633542,60010.0
MI,2007,6274.13788686893,63192.0
MI,2008,6515.270474443645,65175.0
MI,2009,6777.01606072062,67565.0
MI,2010,7089.088879516367,70023.0
MI,2011,7349.698826075286,72587.0
MI,2012,7590.232471548137,75017.0
MI,2013,7707.650918759831,76272.0
MI,2014,7985.265609250246,79133.0
MI,2015,8382.19833236853,83173.0
MI,2016,8729.994057391497,86674.0
MI,2017,8952.94274591508,89192.0
MI,2018,9133.931210899653,91302.0
MI,2019,9529.624785856051,95171.0
MI,2020,,98638.0
OH,2001,,52807.0
OH,2002,,57456.0
OH,2003,,61960.0
OH,2004,,66095.0
OH,2005,6281.864024240368,70078.0
OH,2006,6398.585259495421,73443.0
OH,2007,6693.691076686087,76756.0
OH,2008,6833.24177187528,78486.0
OH,2009,7233.783937736975,83497.0
OH,2010,7399.1551104169475,85358.0
OH,2011,7488.2950997366725,86452.0
OH,2012,7858.734562086238,90723.0
OH,2013,8036.1717176535985,92985.0
OH,2014,8409.921440642158,97506.0
OH,2015,8761.15508752243,101747.0
OH,2016,9081.936665888034,105481.0
OH,2017,9405.581746501663,109656.0
OH,2018,9620.134134717466,112454.0
OH,2019,10179.397900608259,118988.0
OH,2020,,122521.0
WI,2001,,25650.0
WI,2002,,27688.0
WI,2003,,29648.0
WI,2004,,31794.0
WI,2005,6333.812708215094,34049.0
WI,2006,6578.414564836248,36553.0
WI,2007,6894.052456066438,38618.0
WI,2008,7164.397523226856,40321.0
WI,2009,7459.71457037894,42183.0
WI,2010,7604.224670785534,43276.0
WI,2011,7816.495315722787,44646.0
WI,2012,7898.158667979417,45228.0
WI,2013,7977.240025750895,45811.0
WI,2014,8365.169714136047,48163.0
WI,2015,8641.151954910967,49871.0
WI,2016,8803.6964657677,50874.0
WI,2017,9015.64200947531,52250.0
WI,2018,9236.840439468499,53699.0
WI,2019,9655.412152374764,56218.0
WI,2020,,58220.0
IA,2001,,13373.0
IA,2002,,14217.0
IA,2003,,15331.0
IA,2004,,16156.0
IA,2005,6014.935681270591,17218.0
IA,2006,6173.5329475853305,18410.0
IA,2007,6468.104417366929,19327.0
IA,2008,6689.964586850474,20087.0
IA,2009,6946.806314262945,20895.0
IA,2010,7097.649319662426,21647.0
IA,2011,7320.946383921413,22419.0
IA,2012,7553.869544653447,23222.0
IA,2013,7646.866959011343,23632.0
IA,2014,7975.8593632829825,24782.0
IA,2015,8354.94361373399,26100.0
IA,2016,8459.839607897808,26519.0
IA,2017,8519.854493944295,26801.0
IA,2018,8794.589602188746,27757.0
IA,2019,9206.13488765701,29046.0
IA,2020,,30968.0
KS,2001,,12245.0
KS,2002,,13130.0
KS,2003,,13991.0
KS,2004,,14920.0
KS,2005,5936.642760352976,15807.0
KS,2006,6022.991416658376,16648.0
KS,2007,6366.721577869141,17674.0
KS,2008,6583.55382005286,18448.0
KS,2009,6760.450654138169,19056.0
KS,2010,6801.276874504445,19446.0
KS,2011,7066.986435816188,20291.0
KS,2012,7385.20498769017,21313.0
KS,2013,7240.605164485858,20954.0
KS,2014,7362.5500642040815,21381.0
KS,2015,7631.778780419701,22221.0
KS,2016,7859.899721011568,22851.0
KS,2017,8053.212995125849,23460.0
KS,2018,8384.309172903408,24411.0
KS,2019,8742.620946454794,25470.0
KS,2020,,27414.0
MN,2001,,24316.0
MN,2002,,26660.0
MN,2003,,28677.0
MN,2004,,30528.0
MN,2005,6492.382132682198,32396.0
MN,2006,6668.729719043618,34458.0
MN,2007,7057.459556978087,36682.0
MN,2008,7263.629385756973,37919.0
MN,2009,7553.812368085997,39780.0
MN,2010,7801.213576510606,41429.0
MN,2011,8015.362794280338,42841.0
MN,2012,8239.794509864869,44323.0
MN,2013,8524.125614809294,46204.0
MN,2014,8911.75705809583,48633.0
MN,2015,9153.864566304903,50251.0
MN,2016,9549.17723922237,52711.0
MN,2017,9769.383026163225,54480.0
MN,2018,10169.698738892486,57064.0
MN,2019,10510.614876999067,59276.0
MN,2020,,61357.0
MO,2001,,25087.0
MO,2002,,27483.0
MO,2003,,29601.0
MO,2004,,31229.0
MO,2005,5824.134263509182,32801.0
MO,2006,5815.791396907567,33980.0
MO,2007,6338.783498613147,37262.0
MO,2008,6665.194985118254,39402.0
MO,2009,6788.218278503168,40645.0
MO,2010,6990.224359268347,41915.0
MO,2011,7265.890360637584,43673.0
MO,2012,7543.356114293154,45426.0
MO,2013,7590.619127089554,45879.0
MO,2014,7821.935160842861,47429.0
MO,2015,8249.95167392325,50190.0
MO,2016,8606.105366814378,52437.0
MO,2017,8821.2509560758,53929.0
MO,2018,9030.838730149195,55327.0
MO,2019,9435.548571812165,57910.0
MO,2020,,61031.0
NE,2001,,7816.0
NE,2002,,8420.0
NE,2003,,9080.0
NE,2004,,9768.0
NE,2005,6120.765611232964,10448.0
NE,2006,6378.330753688082,11279.0
NE,2007,6686.123012266064,11865.0
NE,2008,6978.11859381238,12445.0
NE,2009,7167.339596197753,12877.0
NE,2010,7402.636212603712,13550.0
NE,2011,7572.826177209777,13954.0
NE,2012,7816.655663491465,14504.0
NE,2013,7916.97796540142,14793.0
NE,2014,8167.938079290865,15368.0
NE,2015,8559.796222952342,16231.0
NE,2016,8940.200805824083,17050.0
NE,2017,9174.636837291857,17616.0
NE,2018,9474.059591513465,18278.0
NE,2019,9907.940827374576,19166.0
NE,2020,,20371.0
ND,2001,,3065.0
ND,2002,,3381.0
ND,2003,,3513.0
ND,2004,,3764.0
ND,2005,6544.792461186428,3990.0
ND,2006,6694.796238836108,4257.0
ND,2007,7135.990245656269,4565.0
ND,2008,7502.950204292879,4813.0
ND,2009,7923.0850096777585,5125.0
ND,2010,8014.837679522134,5406.0
ND,2011,8342.934677716497,5706.0
ND,2012,8488.796903497287,5939.0
ND,2013,8708.959030568447,6300.0
ND,2014,8995.486029409776,6652.0
ND,2015,9340.386403990868,7070.0
ND,2016,9658.910249052382,7321.0
ND,2017,9978.911639371823,7538.0
ND,2018,10268.69646101645,7805.0
ND,2019,10676.296679272815,8136.0
ND,2020,,8649.0
SD,2001,,3316.0
SD,2002,,3676.0
SD,2003,,3957.0
SD,2004,,4171.0
SD,2005,6120.372691288455,4566.0
SD,2006,6275.586090119309,4907.0
SD,2007,6553.506276571026,5218.0
SD,2008,6924.945970748352,5569.0
SD,2009,7324.131598027039,5950.0
SD,2010,7763.977057135473,6339.0
SD,2011,8150.887897078203,6717.0
SD,2012,8457.390256721634,7048.0
SD,2013,8652.146998912267,7310.0
SD,2014,9066.135318076596,7735.0
SD,2015,9584.504507442902,8228.0
SD,2016,10024.796234115274,8676.0
SD,2017,10489.084315127877,9122.0
SD,2018,11050.34372927848,9749.0
SD,2019,11659.859900820542,10315.0
SD,2020,,11154.0
AL,2001,,18576.0
AL,2002,,20219.0
AL,2003,,22493.0
AL,2004,,23734.0
AL,2005,5704.596315906287,25343.0
AL,2006,5805.354607384601,26699.0
AL,2007,5999.5449291690675,27765.0
AL,2008,6173.663098736567,28781.0
AL,2009,6387.739481828136,30078.0
AL,2010,6406.079621373632,30655.0
AL,2011,6509.200997763776,31262.0
AL,2012,6789.681426239568,32740.0
AL,2013,6965.646762474134,33670.0
AL,2014,7268.562539064296,35248.0
AL,2015,7650.166835460701,37172.0
AL,2016,7973.598174079329,38778.0
AL,2017,8160.013227353133,39778.0
AL,2018,8349.238349375424,40810.0
AL,2019,8750.026768314881,42903.0
AL,2020,,45673.0
AR,2001,,10788.0
AR,2002,,11785.0
AR,2003,,12583.0
AR,2004,,13417.0
AR,2005,5392.327251741762,14567.0
AR,2006,5483.351785495746,15413.0
AR,2007,5785.246703732225,16400.0
AR,2008,6025.096396639338,17204.0
AR,2009,6238.903597570472,18027.0
AR,2010,6378.683504894226,18636.0
AR,2011,6547.698264691477,19237.0
AR,2012,6781.319649754453,19999.0
AR,2013,6821.715275499236,20188.0
AR,2014,7289.720193273325,21624.0
AR,2015,7624.057989311679,22706.0
AR,2016,8089.020723848891,24172.0
AR,2017,8408.007378808692,25260.0
AR,2018,8540.641875357727,25740.0
AR,2019,8862.073216153203,26744.0
AR,2020,,28300.0
FL,2001,,77263.0
FL,2002,,83798.0
FL,2003,,90581.0
FL,2004,,98765.0
FL,2005,6111.660162332128,106236.0
FL,2006,6324.416915991027,114408.0
FL,2007,6650.1224053616515,121373.0
FL,2008,6930.578546665983,127026.0
FL,2009,7161.787788079698,132765.0
FL,2010,7269.629576010095,136984.0
FL,2011,7374.665631066168,140543.0
FL,2012,7603.130994543412,146874.0
FL,2013,7602.2638120459105,148646.0
FL,2014,7949.612374459598,158144.0
FL,2015,8308.161421740086,168417.0
FL,2016,8525.143482534988,175724.0
FL,2017,8811.402756333277,184902.0
FL,2018,9129.115594038778,194444.0
FL,2019,9496.205303193721,203957.0
FL,2020,,214408.0
GA,2001,,31832.0
GA,2002,,35213.0
GA,2003,,37654.0
GA,2004,,41438.0
GA,2005,4962.96284540029,43779.0
GA,2006,5065.815771372331,47436.0
GA,2007,5255.14026035255,50159.0
GA,2008,5283.435118665123,51174.0
GA,2009,5410.200269380726,53178.0
GA,2010,5551.2501458159395,53917.0
GA,2011,5689.435070670928,55843.0
GA,2012,5971.101654293446,59233.0
GA,2013,6218.270771495312,62134.0
GA,2014,6604.905864839889,66692.0
GA,2015,7033.3807805491215,71845.0
GA,2016,7351.238864246495,75794.0
GA,2017,7595.754263029467,79219.0
GA,2018,7844.0226342094065,82515.0
GA,2019,8251.248914166837,87607.0
GA,2020,,93803.0
KY,2001,,18124.0
KY,2002,,19725.0
KY,2003,,20930.0
KY,2004,,22325.0
KY,2005,5832.505673708364,23672.0
KY,2006,5999.8944383765,25236.0
KY,2007,6228.023559734187,26416.0
KY,2008,6381.924672863703,27246.0
KY,2009,6680.631684890961,28821.0
KY,2010,6864.743207157592,29836.0
KY,2011,7099.902136607775,31022.0
KY,2012,7261.412446081022,31808.0
KY,2013,7518.949240039633,33048.0
KY,2014,7971.755474223494,35183.0
KY,2015,8313.273486743326,36787.0
KY,2016,8618.035625180584,38238.0
KY,2017,8961.676300668876,39917.0
KY,2018,9323.019728305555,41659.0
KY,2019,9754.294909229033,43579.0
KY,2020,,45922.0
LA,2001,,19081.0
LA,2002,,20435.0
LA,2003,,22161.0
LA,2004,,23806.0
LA,2005,5642.694214495733,24770.0
LA,2006,5955.079659160663,25534.0
LA,2007,6407.102946890015,27507.0
LA,2008,6631.002658023631,29248.0
LA,2009,6928.422404251397,31123.0
LA,2010,7187.139377689676,32660.0
LA,2011,7125.938503587889,32600.0
LA,2012,7271.790108983412,33464.0
LA,2013,7462.59299055015,34518.0
LA,2014,7848.503852741567,36493.0
LA,2015,8194.661041842764,38275.0
LA,2016,8541.190251504486,39987.0
LA,2017,8963.28249934409,41987.0
LA,2018,9226.223814790543,42994.0
LA,2019,9676.91835775042,44986.0
LA,2020,,48845.0
MS,2001,,11591.0
MS,2002,,12587.0
MS,2003,,13477.0
MS,2004,,14617.0
MS,2005,5519.525125382592,15588.0
MS,2006,5764.2224466937405,16777.0
MS,2007,6180.653936483845,18040.0
MS,2008,6399.947186058208,18807.0
MS,2009,6566.065807677246,19383.0
MS,2010,6555.812791494784,19471.0
MS,2011,6736.249509822354,20064.0
MS,2012,7208.888930579854,21518.0
MS,2013,7199.769190163034,21536.0
MS,2014,7494.458229058085,22439.0
MS,2015,7771.86228939092,23256.0
MS,2016,8175.389781465414,24434.0
MS,2017,8409.905834254885,25096.0
MS,2018,8406.411454095556,25106.0
MS,2019,8750.569947942795,26043.0
MS,2020,,27870.0
NC,2001,,35711.0
NC,2002,,38084.0
NC,2003,,41233.0
NC,2004,,44848.0
NC,2005,5736.269743543041,48248.0
NC,2006,5875.568296974935,52037.0
NC,2007,6033.860160741072,54673.0
NC,2008,6224.617545905009,57406.0
NC,2009,6500.773274672195,60983.0
NC,2010,6526.969767897658,62408.0
NC,2011,6706.432344721393,64760.0
NC,2012,6967.646776229013,67949.0
NC,2013,6912.325879411783,68073.0
NC,2014,7189.084755334995,71488.0
NC,2015,7589.814077784268,76223.0
NC,2016,7897.3759972121225,80133.0
NC,2017,8106.940834399921,83286.0
NC,2018,8290.846544846594,86089.0
NC,2019,8629.602890289589,90508.0
NC,2020,,94532.0
SC,2001,,17163.0
SC,2002,,18678.0
SC,2003,,20071.0
SC,2004,,21594.0
SC,2005,5613.081893581393,23092.0
SC,2006,5723.345264297429,24732.0
SC,2007,5963.64233664246,26286.0
SC,2008,6225.50113844368,27889.0
SC,2009,6377.429656220827,29089.0
SC,2010,6506.033243664361,30164.0
SC,2011,6628.868424933162,31018.0
SC,2012,6777.916486635648,32017.0
SC,2013,6905.782582407491,32974.0
SC,2014,7201.26841651971,34800.0
SC,2015,7445.8563939882515,36456.0
SC,2016,7672.059468841606,38062.0
SC,2017,7859.295366244,39488.0
SC,2018,7986.818582619986,40606.0
SC,2019,8359.368960870617,43040.0
SC,2020,,45742.0
TN,2001,,25707.0
TN,2002,,27170.0
TN,2003,,29738.0
TN,2004,,32507.0
TN,2005,5943.6305091221375,34536.0
TN,2006,6006.819563413478,36274.0
TN,2007,6250.73192393546,38484.0
TN,2008,6342.511723461469,39418.0
TN,2009,6507.202536619393,40971.0
TN,2010,6628.076559994601,42134.0
TN,2011,6735.22137542628,43128.0
TN,2012,7010.423864157529,45261.0
TN,2013,7129.180548333138,46311.0
TN,2014,7412.641739213284,48548.0
TN,2015,7799.798160659086,51481.0
TN,2016,8064.867751564606,53641.0
TN,2017,8483.790312782163,56977.0
TN,2018,8575.024261411727,58053.0
TN,2019,8828.886187407144,60294.0
TN,2020,,64295.0
VA,2001,,27714.0
VA,2002,,30559.0
VA,2003,,33522.0
VA,2004,,36461.0
VA,2005,5350.75651118947,39235.0
VA,2006,5505.644204465226,42079.0
VA,2007,5832.140725517891,44978.0
VA,2008,6148.211199537037,47766.0
VA,2009,6449.52991339141,50839.0
VA,2010,6547.477593011604,52541.0
VA,2011,6795.318135850537,55019.0
VA,2012,7045.924396279588,57677.0
VA,2013,7188.025284474551,59376.0
VA,2014,7439.448714787584,61943.0
VA,2015,7735.542663580895,64847.0
VA,2016,7992.693128516486,67233.0
VA,2017,8177.430513741408,69263.0
VA,2018,8418.132391606405,71703.0
VA,2019,8847.616647564138,75519.0
VA,2020,,78989.0
WV,2001,,8776.0
WV,2002,,9479.0
WV,2003,,10200.0
WV,2004,,10922.0
WV,2005,,11623.0
WV,2006,,12259.0
WV,2007,,13002.0
WV,2008,,13454.0
WV,2009,,14316.0
WV,2010,,14687.0
WV,2011,,15242.0
WV,2012,,16182.0
WV,2013,,16491.0
WV,2014,,17368.0
WV,2015,,18335.0
WV,2016,,19219.0
WV,2017,,20037.0
WV,2018,,20475.0
WV,2019,,21456.0
WV,2020,,22790.0
AZ,2001,,18116.0
AZ,2002,,20459.0
AZ,2003,,22539.0
AZ,2004,,24813.0
AZ,2005,4848.161330012716,28264.0
AZ,2006,5012.878025427816,30911.0
AZ,2007,5294.4150704673075,33560.0
AZ,2008,5485.386558526072,35656.0
AZ,2009,5652.403704309029,37282.0
AZ,2010,6014.122499877996,38573.0
AZ,2011,6066.944799888315,39329.0
AZ,2012,6209.433327407525,40692.0
AZ,2013,6297.022435556929,41728.0
AZ,2014,6562.74307418691,44177.0
AZ,2015,6889.653218005394,47043.0
AZ,2016,7203.215780072084,49926.0
AZ,2017,7573.112209193774,53135.0
AZ,2018,7808.109881608769,55997.0
AZ,2019,8159.679789721183,59392.0
AZ,2020,,64980.0
NM,2001,,6835.0
NM,2002,,7499.0
NM,2003,,8050.0
NM,2004,,8892.0
NM,2005,5226.791013141162,9864.0
NM,2006,5389.340729223743,10534.0
NM,2007,5760.147011419274,11347.0
NM,2008,6077.034564362443,12059.0
NM,2009,6348.302781898132,12758.0
NM,2010,6426.155362325575,13276.0
NM,2011,6509.38611792007,13554.0
NM,2012,6686.044560204609,13944.0
NM,2013,6720.897411243632,14015.0
NM,2014,7025.890259362899,14653.0
NM,2015,7436.0620955547165,15505.0
NM,2016,7759.674966302501,16148.0
NM,2017,7991.590320247885,16687.0
NM,2018,8146.784332365512,17071.0
NM,2019,8470.409365761347,17761.0
NM,2020,,18750.0
OK,2001,,14191.0
OK,2002,,15204.0
OK,2003,,16667.0
OK,2004,,17488.0
OK,2005,5545.368335946801,19040.0
OK,2006,5712.1511662343555,20445.0
OK,2007,6067.205629809505,21947.0
OK,2008,6418.913446525482,23380.0
OK,2009,6567.852348083156,24216.0
OK,2010,6661.080542796851,25057.0
OK,2011,6932.334047561023,26284.0
OK,2012,7221.0484374098905,27547.0
OK,2013,7321.776943038014,28193.0
OK,2014,7660.033351804811,29706.0
OK,2015,7900.109885670837,30900.0
OK,2016,8141.328757218252,31943.0
OK,2017,8387.977808441095,32972.0
OK,2018,8626.253747388779,34014.0
OK,2019,8931.831949235919,35343.0
OK,2020,,37595.0
TX,2001,,83658.0
TX,2002,,92199.0
TX,2003,,97931.0
TX,2004,,104364.0
TX,2005,5161.030463851525,114937.0
TX,2006,5241.795876710279,123223.0
TX,2007,5480.083566275302,130998.0
TX,2008,5737.170599187552,139568.0
TX,2009,5977.491517938891,148136.0
TX,2010,6107.586163644825,154260.0
TX,2011,6251.995886531171,160518.0
TX,2012,6480.896595341001,168887.0
TX,2013,6517.458489508149,172375.0
TX,2014,6826.104043341982,184011.0
TX,2015,7217.233144105048,198251.0
TX,2016,7407.026969059165,206379.0
TX,2017,7568.170201051447,214214.0
TX,2018,7690.655426506554,220736.0
TX,2019,8025.760624414205,232714.0
TX,2020,,246812.0
CO,2001,,17676.0
CO,2002,,19198.0
CO,2003,,20764.0
CO,2004,,22121.0
CO,2005,5027.350575725454,22936.0
CO,2006,5257.735710843049,24992.0
CO,2007,5493.760689826114,26708.0
CO,2008,5635.235945010949,27835.0
CO,2009,5798.897775570039,29138.0
CO,2010,5930.001776564442,29941.0
CO,2011,6066.687044001755,31042.0
CO,2012,6228.528050255399,32311.0
CO,2013,6367.058331357705,33544.0
CO,2014,6676.231257466113,35757.0
CO,2015,7072.019915793317,38589.0
CO,2016,7326.896541766198,40595.0
CO,2017,7629.003947457123,42777.0
CO,2018,8000.261255952879,45566.0
CO,2019,8285.672411445845,47715.0
CO,2020,,49849.0
ID,2001,,4793.0
ID,2002,,5367.0
ID,2003,,5798.0
ID,2004,,6226.0
ID,2005,4905.297520696687,6846.0
ID,2006,5067.287661144316,7431.0
ID,2007,5334.126538446661,7998.0
ID,2008,5485.5704363256455,8359.0
ID,2009,5699.310583962619,8810.0
ID,2010,5906.646727544625,9282.0
ID,2011,6049.268605065663,9588.0
ID,2012,6283.65235177925,10027.0
ID,2013,6376.6332368981275,10280.0
ID,2014,6605.835307476947,10797.0
ID,2015,6832.917404361514,11308.0
ID,2016,6977.435032142305,11744.0
ID,2017,7269.315288859328,12481.0
ID,2018,7435.264233203816,13043.0
ID,2019,7731.671763478105,13817.0
ID,2020,,14886.0
MT,2001,,3807.0
MT,2002,,4082.0
MT,2003,,4416.0
MT,2004,,4701.0
MT,2005,5615.7627894769785,5114.0
MT,2006,5807.5525707365405,5486.0
MT,2007,6144.94169822135,5886.0
MT,2008,6404.531547176052,6196.0
MT,2009,6697.511459103641,6530.0
MT,2010,6917.967338717002,6855.0
MT,2011,7144.867907100688,7132.0
MT,2012,7453.680627892008,7492.0
MT,2013,7695.300763915226,7812.0
MT,2014,7934.9029239560405,8122.0
MT,2015,8332.453974010334,8607.0
MT,2016,8677.051759198865,9046.0
MT,2017,9058.603912639113,9516.0
MT,2018,9349.480610559114,9932.0
MT,2019,9820.561426226963,10496.0
MT,2020,,11035.0
UT,2001,,7502.0
UT,2002,,8412.0
UT,2003,,9142.0
UT,2004,,9985.0
UT,2005,4483.902197870105,10884.0
UT,2006,4590.474823563182,11706.0
UT,2007,4775.963679389717,12634.0
UT,2008,4885.9387287934915,13370.0
UT,2009,4987.481020422528,13888.0
UT,2010,5130.6173416667,14245.0
UT,2011,5275.409605632783,14862.0
UT,2012,5471.604080430444,15623.0
UT,2013,5549.710569787291,16099.0
UT,2014,5816.367653425089,17117.0
UT,2015,6087.2807308875845,18237.0
UT,2016,6383.354576223192,19477.0
UT,2017,6631.885082143365,20571.0
UT,2018,6994.3896200853815,22110.0
UT,2019,7187.243251471167,23042.0
UT,2020,,24447.0
WY,2001,,2115.0
WY,2002,,2353.0
WY,2003,,2519.0
WY,2004,,2689.0
WY,2005,5904.374972234898,2924.0
WY,2006,6244.611692336371,3216.0
WY,2007,6711.550599621291,3509.0
WY,2008,6966.816103088603,3711.0
WY,2009,7141.6760063938855,3887.0
WY,2010,7245.863302979839,4090.0
WY,2011,7473.273279615882,4246.0
WY,2012,7753.1349104460005,4469.0
WY,2013,7845.082363925321,4571.0
WY,2014,8254.686700230932,4822.0
WY,2015,8657.122334317795,5074.0
WY,2016,8971.803634835807,5253.0
WY,2017,9507.780741047616,5508.0
WY,2018,9808.961517091688,5667.0
WY,2019,10135.479534659504,5866.0
WY,2020,,6399.0
AK,2001,,3272.0
AK,2002,,3642.0
AK,2003,,3955.0
AK,2004,,4249.0
AK,2005,7358.303569758962,4722.0
AK,2006,7481.49773226894,5013.0
AK,2007,7886.135325496944,5390.0
AK,2008,8328.804169647658,5716.0
AK,2009,8554.375043845646,5975.0
AK,2010,8925.957828245691,6373.0
AK,2011,9338.358806616136,6749.0
AK,2012,9921.402585826216,7257.0
AK,2013,10119.271096891443,7439.0
AK,2014,10539.789231362287,7765.0
AK,2015,11459.416710001733,8462.0
AK,2016,11772.5712837683,8734.0
AK,2017,12322.332538067978,9116.0
AK,2018,12681.744092384715,9352.0
AK,2019,13262.34202954022,9702.0
AK,2020,,9975.0
CA,2001,,132080.0
CA,2002,,143994.0
CA,2003,,158409.0
CA,2004,,169543.0
CA,2005,5176.598003649107,182624.0
CA,2006,5329.568370051426,194303.0
CA,2007,5726.8286797755,209334.0
CA,2008,6009.63101495658,220894.0
CA,2009,6206.836358882544,229415.0
CA,2010,6475.210835590422,241845.0
CA,2011,6730.966579779768,253703.0
CA,2012,7019.925381353961,267048.0
CA,2013,7226.448790049577,277008.0
CA,2014,7430.706784356678,288330.0
CA,2015,7948.587217853459,311146.0
CA,2016,8303.970925668644,325931.0
CA,2017,8551.254958278842,338088.0
CA,2018,9041.322474921977,357648.0
CA,2019,9610.06420722013,379715.0
CA,2020,,405451.0
HI,2001,,5019.0
HI,2002,,5470.0
HI,2003,,5952.0
HI,2004,,6389.0
HI,2005,5618.022901762134,6956.0
HI,2006,5660.063259530548,7276.0
HI,2007,6245.9677042328585,8016.0
HI,2008,6581.286417150159,8478.0
HI,2009,6768.953765428381,8767.0
HI,2010,6442.405917773341,8785.0
HI,2011,6483.077661640517,8913.0
HI,2012,6752.073707564319,9401.0
HI,2013,6903.580631514173,9693.0
HI,2014,7202.931046992697,10225.0
HI,2015,7701.157373936769,11025.0
HI,2016,8043.081235120475,11490.0
HI,2017,8485.23822132931,12113.0
HI,2018,8948.31435046051,12711.0
HI,2019,9553.123446187226,13526.0
HI,2020,,14480.0
NV,2001,,7710.0
NV,2002,,8852.0
NV,2003,,9842.0
NV,2004,,10950.0
NV,2005,5016.20766301835,11945.0
NV,2006,5208.514908061577,12998.0
NV,2007,5511.070086248364,14138.0
NV,2008,5730.01657201249,14899.0
NV,2009,5784.90665264265,15290.0
NV,2010,5783.759920906353,15643.0
NV,2011,5950.8203583711365,16206.0
NV,2012,6025.159744843202,16623.0
NV,2013,6229.087040918435,17380.0
NV,2014,6675.004992781161,18951.0
NV,2015,6933.266916766551,20043.0
NV,2016,7325.365690064617,21537.0
NV,2017,7576.285698751751,22714.0
NV,2018,7882.633489674373,23919.0
NV,2019,8142.120074437788,25079.0
NV,2020,,26200.0
OR,2001,,14352.0
OR,2002,,15447.0
OR,2003,,16585.0
OR,2004,,17929.0
OR,2005,5475.113261981585,19492.0
OR,2006,5713.424114735413,21144.0
OR,2007,5962.980209235335,22346.0
OR,2008,6197.263367862251,23488.0
OR,2009,6473.13650962436,24764.0
OR,2010,6747.405610430124,25903.0
OR,2011,6988.116044515051,27057.0
OR,2012,7160.675117128406,27922.0
OR,2013,7367.053725574513,28953.0
OR,2014,7889.449476467285,31323.0
OR,2015,8416.280360994862,33909.0
OR,2016,8698.498704642643,35607.0
OR,2017,8836.345484283967,36607.0
OR,2018,9152.141890890643,38354.0
OR,2019,9631.46824944277,40623.0
OR,2020,,42716.0
WA,2001,,24951.0
WA,2002,,27484.0
WA,2003,,29800.0
WA,2004,,31694.0
WA,2005,5560.546784117632,34177.0
WA,2006,5731.888342940161,36660.0
WA,2007,6150.029744494177,39781.0
WA,2008,6501.686306652513,42581.0
WA,2009,6808.624297458283,45374.0
WA,2010,6910.5237811691195,46608.0
WA,2011,7018.848211386233,47939.0
WA,2012,7334.190516124954,50584.0
WA,2013,7350.741012645082,51245.0
WA,2014,7597.786881879706,53652.0
WA,2015,7900.868451209711,56652.0
WA,2016,8109.769484083425,59104.0
WA,2017,8302.880615759957,61489.0
WA,2018,8577.562131490417,64637.0
WA,2019,8963.093769012907,68253.0
WA,2020,,71277.0
